Title;Authors;Abstract;Published Year;Published Month;Journal;Volume;Issue;Pages;Accession Number;DOI;Ref;Covidence #;Study
Model-driven Game Development: A Literature Review;"Zhu, Meng; Wang, Alf Inge";;2019;;ACM Comput. Surv.;52;6;Article 123;;10.1145/3365000;;#1;Zhu 2019
Intelligent Generation of Graphical Game Assets: A Conceptual Frameworkand Systematic Review of the State of the Art;"Fukaya, Kaisei; Daylamani-Zad, Damon; Agius, Harry";;2025;;ACM Comput. Surv.;57;5;Article 118;;10.1145/3708499;;#2;Fukaya 2025
Cheating and Detection Method in Massively Multiplayer Online Role-Playing Game: Systematic Literature Review;"Han, Mee Lan; Kwak, Byung Il; Kim, Huy Kang";Recently, despite massively multiplayer online role-playing game (MMORPG) based on the PC implementation environment in mobile games, related fraudulent and illegal activities are still prevalent in response to the extension and diversity of the online gaming market. For game users who enjoy the game as leisure or cultural content, these issues inhibit the game’s immersion or cause seceding from the game, thus negatively affecting the overall online gaming industry. This systematic review provides an overview of substantial studies on the occurrence of cheating behavior, countermeasures, and detection methods. We aimed to scrutinize the scope of generable cheating behavior due to the structural characteristics of a stateful game server. Furthermore, we focused on providing the basis for the key mechanisms of online games based on the conceptual attributes of the MMORPG. A comprehensive literature research was conducted, and the classification of countermeasures and detection methods were systematized. The results of the systematic literature review contribute to the current understanding of how to correctly manage detection techniques and methods for cheating behavior in the MMORPG.;2022;;IEEE Access;10;;49050-49063;;10.1109/ACCESS.2022.3172110;;#13;Han 2022
On Video Game Balancing: Joining Player- and Data-Driven Analytics;"Pfau, Johannes; Seif El-Nasr, Magy";Balancing is, especially among players, a highly debated topic of video games. Whether a game is sufficiently balanced greatly influences its reception, player satisfaction, churn rates and success. Yet, conceptions about the definition of balance often differ diverge across industry, academia and players, and different understandings of designing balance can lead to worse player experiences than actual imbalances. This work accumulates concepts of balancing video games from industry and academia and introduces a player-driven approach to optimize player experience and satisfaction. Using survey data from 680 participants and empirically recorded data of over 4 million in-game fights of Guild Wars 2, we aggregate player opinions and requirements, contrast them to the status quo and approach a democratized quantitative technique to approximate closer configurations of balance. We contribute a strategy of refining balancing notions, a methodology of tailoring balance to the actual player base and point to an exemplary artifact that realizes this process.;2024;;ACM Games;2;3;27:1-27:30;;10.1145/3675807;;#24;Pfau 2024
Teaching Environmentally Conscious Game Design: Lessons and Challenges;"Fizek, Sonia; Fiadotau, Mikhail; Wirman, Hanna; Garda, Maria";A growing number of game design and development programs in higher education are beginning to incorporate environmental considerations into their curricula. This aligns with the broader push for more responsible and environmentally conscious practices in game production, consumption, and education. This article introduces two ongoing European inter-university projects: the Erasmus+ Greening Games project and the Nordplus-funded Nordic Alliance for Sustainability in Gaming network. Using them as case studies, the article reflects on the lessons learned and the challenges encountered while implementing the projects’ pilot stages, as well as their implications for environmentally conscious game design education more broadly.;2023;;ACM Games;1;1;3:1-3:9;;10.1145/3583058;;#26;Fizek 2023
Emotion Design for Video Games: A Framework for Affective Interactivity;"Croissant, Maximilian; Schofield, Guy; McCall, Cade";Emotionally evocative games hold great potential for both industry and our basic understanding about human affect. The question of how best games elicit and respond to player emotion brings together research from psychology, design, and human-computer interaction (HCI). However, there is much confusion regarding the nature of emotions, emotional game-player interaction, and the process of creating emotional games. This article reviews important work from relevant fields to provide an interdisciplinary model that integrates current theories and highlights conceptual gaps for relevant fields. Based on this model, we propose a methodological framework that provides a step-by-step process of developing an emotion-adaptive game. This framework is open to different models of emotion, and its modular nature allows games to adapt to developments in the science of emotion and technological innovations in emotion detection. Together, the theoretical overview and framework can help reduce the confusion that surrounds creating and researching emotions in games.;2023;;ACM Games;1;3;19:1-19:24;;10.1145/3624537;;#27;Croissant 2023
LLMs May Not Be Human-Level Players, But They Can Be Testers: Measuring Game Difficulty with LLM Agents;"Xiao, C.; Yang, Z.";;2025;;Proceedings of the ACM on Human-Computer Interaction;9;6;;;10.1145/3748634;;#31;Xiao 2025
A mixed-initiative design framework for procedural content generation using reinforcement learning;"Dutra, P.V.M.; Villela, S.M.; Fonseca Neto, R.";;2025;;Entertainment Computing;52;;;;10.1016/j.entcom.2024.100759;;#36;Dutra 2025
Integrating GenAI in Advancing Game Product Management and Development;Pilaniwala, P.;;2024;;International Conference on Parallel, Distributed and Grid Computing, PDGC;;2024;558-563;;10.1109/PDGC64653.2024.10984420;;#45;Pilaniwala 2024
Video Game Automated Testing Approaches: An Assessment Framework;"Albaghajati, A.; Ahmed, M.";;2023;;IEEE Transactions on Games;15;1;81-94;;10.1109/TG.2020.3032796;;#46;Albaghajati 2023
Towards Automated Video Game Testing: Still a Long Way to Go;"Politowski, C.; GuÃ©hÃ©neuc, Y.-G.; Petrillo, F.";;2022;;;;;37-43;;10.1145/3524494.3527627;;#47;Politowski 2022
A Survey of Procedural Content Generation for Games;"Zhang, Y.; Zhang, G.; Huang, X.";;2022;;;;;186-190;;10.1109/CoST57098.2022.00046;;#48;Zhang 2022
Application of AI in video games to improve game building;"Rath, T.; Nanjundan, N.";;2021;;;;;821-824;;10.1109/CSNT51715.2021.9509685;;#51;Rath 2021
The Role of Machine Learning in Game Development Domain - A Review of Current Trends and Future Directions;"Edwards, G.; Subianto, N.; Englund, D.; Goh, J.W.; Coughran, N.; Milton, Z.; Mirnateghi, N.; Ali Shah, S.A.";;2021;;;;;;;10.1109/DICTA52665.2021.9647261;;#52;Edwards 2021
Steam's Early Access Model: A Study on Consumers' Perspective;"Arafat, M.; Qusef, A.; al-Taher, S.";;2019;;;;;336-341;;10.1109/JEEIT.2019.8717501;;#55;Arafat 2019
An approach to automated videogame beta testing;"Hernández Bécares, J.; Costero, L.; Gómez-Martín, P.P.";;2017;;Entertainment Computing;18;;79-92;;10.1016/j.entcom.2016.08.002;;#56;HernándezBécares 2017
GameRTS: A Regression Testing Framework for Video Games;"Yu, Jiongchi; Wu, Yuechen; Xie, Xiaofei; Le, Wei; Ma, Lei; Chen, Yingfeng; Hu, Jingyu; Zhang, Fan";Continuous game quality assurance is of great importance to satisfy the increasing demands of users. To respond to game issues reported by users timely, game com-panies often create and maintain a large number of releases, updates, and tweaks in a short time. Regression testing is an essential technique adopted to detect regression issues during the evolution of the game software. However, due to the special characteristics of game software (e.g., frequent updates and long-running tests), traditional regression testing techniques are not directly applicable. To bridge this gap, in this paper, we perform an early exploratory study to investigate the challenges in regression testing of video games. We first performed empirical studies to better understand the game development process, bugs introduced during game evolution, and the context sensitivity. Based on the results of the study, we proposed the first regression test selection (RTS) technique for game software, which is a compromise between safety and practicality. In particular, we model the test suite of game software as a State Transition Graph (STG) and then perform the RTS on the STG. We establish the dependencies between the states/actions of STG and game files, including game art resources, game design files, and source code, and perform change impact analysis to identify the states/actions (in the STG) that potentially execute such changes. We implemented our framework in a tool, named GameRTS, and evaluated its usefulness on 10 tasks of a large-scale commercial game, including a total of 1,429 commits over three versions. The experimental results demonstrate the usefulness and effectiveness of GameRTS in game RTS. For most tasks, GameRTS only selected one trace from STG, which can significantly reduce the testing time. Furthermore, GameRTS detects all the regression bugs from the test evaluation suites. Compared with the file-level RTS, GameRTS selected fewer states/actions/traces (i.e., 13.77%, 23.97%, 6.85%). In addition, GameRTS identified 2 new critical regression bugs in the game.;2023;;2023 IEEE/ACM 45th International Conference on Software Engineering (ICSE);;;1393-1404;;10.1109/ICSE48619.2023.00122;;#57;Yu 2023
Research on Automatic Balance Patch Technology Through AI Analysis;"Im, Yongsik; Kim, Jaewoo; Ko, Jaeho; Kim, Joonhee; Na, Woongsoo";Recently, the scale of the video game industry has become large, and several developers are rapidly producing and releasing games in accordance with the changes in the market. However, due to the lack of manpower, time, and budget of small developers, there is a problem that the game testing can not be done in depth. To resolve this problem, in this paper, we propose a model that balances the game using ML-Agent, which is a unity machine learning asset. We created AI models that took a lot of trial and error for accurate testing, and in addition, we improved the accuracy of the balance by reliably recording the win rate according to the number of characters.;2022;;2022 13th International Conference on Information and Communication Technology Convergence (ICTC);;;850-852;;10.1109/ICTC55196.2022.9952739;;#59;Im 2022
Using a Team of General AI Algorithms to Assist Game Design and Testing;"Guerrero-Romero, Cristina; Lucas, Simon M.; Perez-Liebana, Diego";General Video Game Playing (GVGP) has become a popular line of research in the past years, leading to the existence of a wide range of general algorithms created to tackle this challenge. This paper proposes taking advantage of this research to help in game design and testing processes. It introduces a methodology consisting of using a team of Artificial General Intelligence agents with differentiated goals (winning, exploring, collecting items, killing NPCs, etc.) and skill levels. Using several agents with distinct behaviours that play the same game simultaneously can provide substantial information to influence design and bug fixing. Two methods are proposed to aid game design: 1) the evaluation of a game based on the expected performance in the behaviour of each of the agents, and 2) the provision of visual information to analyse how the experience of the agents evolves during the play-through. Having this methodology available to designers can help them decide if the game or level under analysis fits the initial expectations. Including a Logging System can also be used to detect anomalies while the development is still at an early stage. We believe this approach allows the flexibility and portability to be easily applied to games with different characteristics.;2018;;2018 IEEE Conference on Computational Intelligence and Games (CIG);;;1-8;;10.1109/CIG.2018.8490417;;#60;Guerrero-Romero 2018
A Mapping of Recording-based Game Test Automation Tools;"Mioto, Vinícius; Petrillo, Fabio";As the gaming industry grows, there is a greater need for high-quality, complex games, which requires efficient and scalable testing methods. This paper maps recording-based game test automation tools that record and replay user actions to make testing easier and reduce manual work. We analyzed 20 tools mentioned in industry blogs and grouped them into game-specific and general-purpose categories. We also evaluated their compatibility, input simulation features, scripting options, and integration with game engines.Our findings indicate that general-purpose tools, the most frequently mentioned in blog sources, offer broad adaptability across platforms but are typically limited to user interface and visual testing. In contrast, game-specific tools provide deeper integration with game engines, supporting access to in-game mechanics and making them better suited for testing gameplay aspects. Our observations intend to conduct industry and academic efforts toward more reliable, scalable, and cost-effective approaches to automated game testing.;2025;;2025 IEEE/ACM 9th International Workshop on Games and Software Engineering (GAS);;;1-8;;10.1109/GAS66647.2025.00006;;#61;Mioto 2025
A Case Study of Generative Adversarial Networks for Procedural Synthesis of Original Textures in Video Games;"Fadaeddini, Amin; Majidi, Babak; Eshghi, Mohammad";Procedural content generation is helping game developers to create significant quantity of high quality dynamic content for video games at a fraction of cost of the traditional methods. Procedural texture synthesis is a sub category of procedural content generation which helps video games to have significant variations in textures of the environments and the objects across the progress of the game and to avoid repetition. Generative Adversarial Networks are a class of deep learning algorithms which are capable of learning the patterns and creating new patterns. In this paper, Generative Adversarial Networks is used for procedural content generation for original textures synthesis for video game development. This method is used by video game designers for autonomous redesigning of objects and environment textures. This process saves significant time and cost in video game development. The particular attention in this paper is on procedural synthesis of ground surface textures. The generated texture samples are visually acceptable and have mean score of 2.45 with 0.1 standard deviation after 2K iteration. Also the discriminator loss of generated samples reached 0.74 at the final stage of training. The proposed framework can be used as an effective procedural texture synthesis framework for video game design and development.;2018;;2018 2nd National and 1st International Digital Games Research Conference: Trends, Technologies, and Applications (DGRC);;;118-122;;10.1109/DGRC.2018.8712070;;#63;Fadaeddini 2018
Radically Simplifying Game Engines: AI Emotions & Game Self-Evolution;"Carbone, John N.; Crowder, James; Carbone, Ryan A.";Today, video games are a multi-billion-dollar industry, continuously evolving through the incorporation of new technologies and innovative design. However, current video game software content creation requires extensive and often-times ambiguous planning phases for developing aesthetics, online capabilities, and gameplay mechanics. Design elements can vary significantly relative to the expertise of artists, designers, budget, and overall game engine/software features and capabilities. Game development processes are often extensively long coding sessions, usually involving a highly iterative creative process, where user requirements are rarely provided. Therefore, we propose significantly simplifying game design and development with novel Artificial Cognition Architecture real-time scalability and dynamic emotion core. Rather than utilizing more static emotion state weighting emotion engines (e.g. ExAI), we leverage significant ACA research in successful implementation of analog neural learning bots with Maslowan objective function algorithms. We also leverage AI- based Artificial Psychology software which utilizes ACA’s fine grained self-evolving emotion modeling in humanistic avatar patients for Psychologist training. An ACA common cognitive core provides the gaming industry with wider applications across video game genres. A modular, scalable, and cognitive emotion game architecture implements Non-Playable Character (NPC) learning and self-evolution. ACA models NPC’s with fine grained emotions, providing interactive dynamic personality traits for a more realistic game environment and enables NPC self-evolution under the influence of both other NPC’s and players. Furthermore, we explore current video game design engine architecture (e.g. Unity, Unreal Engine) and propose an ACA integration approach. We apply artificial cognition and emotion intelligence modeling to engender video games with more distinct, realistic consumer gaming experiences, while simultaneously minimizing software gaming development efforts and costs.;2020;;2020 International Conference on Computational Science and Computational Intelligence (CSCI);;;464-472;;10.1109/CSCI51800.2020.00085;;#64;Carbone 2020
Deepening Our Understanding on the Use of Models and Code in Game Software Engineering: A Controlled Experiment in Unreal Engine;"Trasobares, Jose Ignacio; Domingo, África; Echeverría, Jorge; Arcega, Lorena; Cetina, Carlos";"Video games are not just a work of art; they also involve a significant amount of programming. This programming part can be developed using code (C++) or software models (Blueprints), as is the case with the widespread Unreal game engine. In fact, in Unreal projects, it is common to use both code and software models. This work deepens our understanding of the use of code and software models in the software development of video games. To achieve this, we conducted a controlled experiment by comparing code and software models in Unreal. The experiment involved 31 active professional developers from 15 video game companies. Our results can help to explain the success of software models in video game workers. The results show that Blueprints benefit both developers and artists as effective development artifacts. Despite challenges in testing, modularization, and performance, they improve correctness. Their visual, constrained structure reduces errors and supports interdisciplinary collaboration.";2025;;2025 ACM/IEEE 28th International Conference on Model Driven Engineering Languages and Systems (MODELS);;;107-118;;10.1109/MODELS67397.2025.00016;;#65;Trasobares 2025
Designing educational games: Key elements and methodological approach;"De Lope, Rafael P.; Medina-Medina, Nuria; Soldado, Rosana Montes; García, Antonio Mora; Gutiérrez-Vela, Francisco Luis";"Serious games, especially educational video games, have proliferated in recent years. Despite this, there are very few methodological proposals capable of addressing the design of all the key elements of an educational video game. To deal with this discrepancy, this paper presents a methodology divided into five phases: startup, design, production, test, and post-production; focusing on the design phase of educational games. The design phase structures an educational video game in acts, scenes, scenarios, actions and dialogues; and defines the modeling tasks and generated artifacts which have to be carried out in each step of the process.";2017;;2017 9th International Conference on Virtual Worlds and Games for Serious Applications (VS-Games);;;63-70;;10.1109/VS-GAMES.2017.8055812;;#66;DeLope 2017
Using UML to Model Educational Games;"De Lope, Rafael P.; Medina-Medina, Nuria";There has been a constant increase in the number of serious games. In recent years, they have become extremely important within the scientific community and their repercussions on industry have been reflected in exponential growth in terms of their economic impact. The term serious game covers an extremely wide range of video games all with very different purposes and with many different areas of application. One of the most prolific areas is the field of education and many research papers have highlighted the benefits of video games in the classroom. Despite the complexity of educational game development, however, mainly because of the communication difficulties that exist between the technical team and the teaching team, very little research has been conducted to find a suitable design language for both parties. This article proposes the use of formall software planning within the educational games community, concretely an adaptation of UML (Unified Modeling Language) to educational games. This proposal is illustrated with a graphic adventure that the authors are developing to help second grade primary school students with their reading comprehension.;2016;;2016 8th International Conference on Games and Virtual Worlds for Serious Applications (VS-GAMES);;;1-4;;10.1109/VS-GAMES.2016.7590373;;#67;DeLope 2016
GDGSE: Game Development with Global Software Engineering;"Fatima, Alia; Rasool, Tayyaba; Qamar, Usman";The management models and skilled workforce required for game development is different from those of traditional software development. Multidisciplinary nature of the game development process requires people with different skills and incurs higher cost as compared to traditional software engineering. Global software engineering (GSE), which involves the development of top level software projects by different teams located around the globe, can be used for game development. The core benefits offered by GSE include reduced costs and increased workforce skillset through coordination of people with diverse expertise. However, such integration of widely distributed teams requires efficient communication and coordination which is a challenging task. In this paper, we propose a global game development methodology. This methodology makes the game development process more cost effective. In this methodology, we combine the concept of game development methodology with GSE. Furthermore, successful team coordination will be achieved by proper documentation and prototyping in the pre-production phase of our methodology. This combination will provide a means of communicating functionality and interaction as a single package to the team.;2018;;2018 IEEE Games, Entertainment, Media Conference (GEM);;;1-9;;10.1109/GEM.2018.8516498;;#68;Fatima 2018
What Concerns Game Developers? A Study on Game Development Processes, Sustainability and Metrics;"Kasurinen, Jussi; Palacin-Silva, Maria; Vanhala, Erno";It can be argued, that software development and game development share a number of features in their process models, such as the need to design, develop and test software functionalities. However, while the software engineering (SE) models work successfully supporting the software development, their practical application for game development is frequently unsuccessful. To understand this problem and number of other aspects such as Green IT and business models, we conducted a survey with the game industry organizations. Based on our observations on the SE practices, the game industry applies mostly the agile process models or nothing at all, their major concerns for business were mobile development, digital marketing, employees with specific abilities and keeping innovation in their business, and their minor concerns were eco-impact elements, software reusability and financing. Based on our results, we identified areas which would warrant more studies to support the game industry practices, eco-aspects and business.;2017;;2017 IEEE/ACM 8th Workshop on Emerging Trends in Software Metrics (WETSoM);;;15-21;;10.1109/WETSoM.2017.3;;#71;Kasurinen 2017
Splat! er, shmup? A postmortem on a capstone production experience;"Decker, Adrienne; Egert, Christopher A.; Phelps, Andew";Developing large-scale software applications in teams has long been a popular feature of capstone courses in computing degree programs, particularly in the fields of computer science and software engineering. Instructors utilize real world problems as well as external clients to motivate the students and to provide authentic experiences. Within the field of game design and development, students have strong desires to make and ship a game or series of games during their collegiate experience. To address this need, we created a production studio course offering that addressed the desires of students to create a game as a culminating experience while focusing upon the production process and challenges that are particular to the game industry. In this paper we describe the process undertaken by students, faculty and staff to ship a game. We discuss the successes and failures of the team and in achieving their goals. We show the similarities and differences between the process of developing and shipping a game and other types of large-scale software design and development projects undertaken in similar courses.;2016;;2016 IEEE Frontiers in Education Conference (FIE);;;1-9;;10.1109/FIE.2016.7757399;;#72;Decker 2016
Gameplay Evolution: A Game Design Method Based on Evolutionary Theory;"Sun, Xing; Ge, Hongjie";The current video game industry faces soaring development costs and intensified market competition, underscoring the critical demand for more systematic game design methodologies. While existing approaches (e.g. MDA framework) provide analytical tools at the theoretical level, they lack sufficient operational guidance during the transition from conceptual design to prototype development. This study proposes Gameplay Evolution (GE), a novel methodology inspired by inheritance, variation, selection, and adaptation mechanisms from evolutionary biology theory. Through a standardized five-stage operational process, including evolutionary direction research, gameplay genes identification, iterative refinement through inheritance and variation, randomized selection validation, and adaptive propagation, GE systematically bridges the transitional gaps in traditional methods. To validate its practicality, this research integrates historical case analyses and experiments across specific game genres. Results indicate that GE enables designers to efficiently generate gameplay variants with enhanced playability while optimizing market adaptability.;2025;;2025 IEEE Conference on Games (CoG);;;1-8;;10.1109/CoG64752.2025.11114235;;#74;Sun 2025
Are the Old Days Gone? A Survey on Actual Software Engineering Processes in Video Game Industry;"Politowski, Cristiano; Fontoura, Lisandra; Petrillo, Fabio; Guéhéneuc, Yann-Gaël";"In the past 10 years, several researches studied video game development process who proposed approaches to improve the way how games are developed. These approaches usually adopt agile methodologies because of claims that traditional practices and the waterfall process are gone. However, are the “old days"" really gone in the game industry? In this paper, we present a survey of software engineering processes in video game industry from postmortem project analyses. We analyzed 20 postmortems from Gamasutra Portal. We extracted their processes and modelled them through using the Business Process Model and Notation (BPMN). This work presents three main contributions. First, a postmortem analysis methodology to identify and extract project processes. Second, the study main result: the “old days"" are gone, but not completely. Iterative practices are increasing and are applied to at least 65% of projects in which 45% of this projects explicitly adopted Agile practices. However, waterfall process is still applied at least 30% of projects. Finally, we discuss some implications, directions and opportunities for video game development community.";2016;;2016 IEEE/ACM 5th International Workshop on Games and Software Engineering (GAS);;;22-28;;10.1145/2896958.2896960;;#75;Politowski 2016
A model for integrating human computing into commercial video games;"Clark, Corey; Greenberg, Ira; Ouellette, Myque";Human Computing (HC) is a successful approach to crowdsourcing scientific research. Despite its success, many HC projects struggle to expand their user base and create sustained user engagement. In contrast, the commercial video game industry overall is very successful at encouraging users to spend significant time and resources to play over extended stretches of time, using techniques such as gameplay loops to engage players on many levels. When integrating scientific research into a video game, ideally the HC activities fit naturally within the gameplay loops and overall game themes, which game developers are best suited to accomplish. The authors propose a new HC to Video Games (HCtVG) model and associated framework, which provides a common means to connect HC research and video game developers. The HCtVG model comprises two major phases: Deconstruction and Analysis (DA) done by the researchers, and Game Integration (GI) completed by the game developers. During the DA, researchers deconstruct their research into a 5-Step Analysis Structure (5SAS) consisting of Suggest, Validate, Process, Select, and Exit steps. The 5SAS allows game developers to perform the GI phase, using the guidelines provided to integrate the HC activity into the gameplay and theme. This structure allows scientists to focus on their domain expertise while leveraging the skills of the game development community to design their video game integration. To demonstrate the HCtVG model, the authors apply the DA phase to an HC project seeking the discovery of chemotherapeutic co-medication properties for multi-drug resistant cancer research, and use the GI phase to design and integrate the HC activity into the popular game Minecraft.;2018;;2018 IEEE 6th International Conference on Serious Games and Applications for Health (SeGAH);;;1-8;;10.1109/SeGAH.2018.8401316;;#78;Clark 2018
Design and Development of Problem-Based Educational Game;"Li, Yatao; Zhao, Danqing";Nowadays, with the great speed development of worldwide information science, in the education field, the multimedia technique is more and more permeating in teaching field. Educational games have developed rapidly in recent years. An analysis of the current situation in the field of educational game practice, the research reveals that the balancing education and playfulness is key, the root cause of which is the lack of reasonable and feasible design models and guidance of design strategies. Combining the common features of problem-based learning models and educational games - learner subjects, clear tasks, complex situations, an actively constructed learning process and so on. On this basis, the principles of educational game design based on this model are proposed, and an operational “problem-based educational game model” design process is constructed. This is a case study of an educational game called “The Nearest Way Home”, which illustrates in detail the implementation of the problem-based educational game model.;2022;;2022 4th International Conference on Computer Science and Technologies in Education (CSTE);;;309-313;;10.1109/CSTE55932.2022.00064;;#80;Li 2022
Intelligent agents, voice and facial recognition applied in videogames in order to stimulate cognitive development of children — A case study of Tictactoe in 3D;"Fuertes, Walter; Pilaluisa, Freddy; Zambrano, Margarita; Villacís, César; Aules, Hernán; Toulkeridis, Theofilos";Multiple products of the video game industry have been widely used in a variety of educational processes. However, the final creations usually do not include byproducts such as instruments, which may contain appropriate functional aspects, such as pedagogical, technical, and adequate teaching resources. Therefore some video games randomly encourage the cognitive development of children during their use while playing. In order to encourage and stimulate such form of learning, we aimed in this study to establish a methodology procedure by creating a fun video game in 3D, which shall inspire the logical and spatial reasoning of children with ages of about 10 and 11 years. Therefore, we applied an incremental methodology based on the dynamic life cycle of the Xtreme Programming. Furthermore, in order to obtain an attractive environment, we have used techniques like 3D graphics libraries management, image editing, editing and digitizing sound and video, voice pattern recognition, face recognition, modeling and intelligent agents. Being a case study, the mathematical modeling of the TicTacToe in 3D has been optimized, and its computational solution has been obtained using heuristic techniques of Artificial Intelligence. To validate our results, several tests have been performed in public schools. The results demonstrate how cognitive development improves when the applied educational support of a pedagogical humanlike agent shows physical presence within the video game.;2017;;2017 Computing Conference;;;1152-1159;;10.1109/SAI.2017.8252235;;#81;Fuertes 2017
Evolutionary Behavioral Design of Non-Player Characters in a FPS Video Game Through Particle Swarm Optimization;"Díaz, Guillermo; Iglesias, Andrés";Evolutionary computation covers the family of artificial intelligence techniques inspired by nature and biological evolution. These methods, such as swarm intelligence, may have a very positive impact on video games, for instance, for the design of Non-Player Characters (NPCs) to obtain a realistic intelligent behavior in a simple way. To this aim, we describe an evolutionary behavioral design of NPCs using particle swarm optimization in a first-person shooter video game. Several computer experiments have been carried out to analyze the feasibility and performance of this approach. Our experimental results show that the proposed method performs very well and can be successfully used in a fully automatic (i.e., without any human player) and efficient way.;2019;;2019 13th International Conference on Software, Knowledge, Information Management and Applications (SKIMA);;;1-8;;10.1109/SKIMA47702.2019.8982467;;#82;Díaz 2019
Assessing Video Game Balance using Autonomous Agents;"Politowski, Cristiano; Petrillo, Fabio; ElBoussaidi, Ghizlane; Ullmann, Gabriel C.; Guéhéneuc, Yann-Gaël";As the complexity and scope of games increase, game testing, also called playtesting, becomes an essential activity to ensure the quality of video games. Yet, the manual, ad-hoc nature of game testing leaves space for automation. In this paper, we research, design, and implement an approach to supplement game testing to balance video games with autonomous agents. We evaluate our approach with two platform games. We bring a systematic way to assess if a game is balanced by (1) comparing the difficulty levels between game versions and issues with the game design, and (2) the game demands for skill or luck.;2023;;2023 IEEE/ACM 7th International Workshop on Games and Software Engineering (GAS);;;25-32;;10.1109/GAS59301.2023.00011;;#83;Politowski 2023
Emotion in Models Meets Emotion in Design: Building True Affective Games;"Giżycka, Barbara; Nalepa, Grzegorz J.";A relatively new field of research on affective gaming suggests applying affective computing solutions to develop games that can interact with the player on the emotional level. To bring together selected models of affect and affect-driven frameworks developed to date, we propose an approach based on affective design patterns. We build on the assumption that player's emotional reactions to in-game events can be evoked by patterns used early in the design phase. We provide description of experiments conducted to test our hypothesis so far, along with some tentative observations, and opportunities for further studies.;2018;;2018 IEEE Games, Entertainment, Media Conference (GEM);;;1-5;;10.1109/GEM.2018.8516439;;#85;Giżycka 2018
Is it Really Fun? Detecting Low Engagement Events in Video Games;"Guglielmi, Emanuela; Bavota, Gabriele; Novielli, Nicole; Oliveto, Rocco; Scalabrino, Simone";The gaming industry has witnessed remarkable growth in recent years, attracting millions of people who engage in its products both as a hobby and for professional purposes (e.g., e-sports). Video games are software products that have a unique and fundamental requirement: They must be engaging. Previous research introduced approaches aimed at measuring engagement, some of which specifically designed for video games. Such approaches could be useful for practitioners since they can be adopted on the large collection of gameplay videos daily published on platforms such as Twitch and YouTube to allow developers to monitor players’ engagement and detect areas in which it is low. Such specialized approaches have been evaluated on datasets in which the engagement was manually assessed by external evaluators based on the face of the player (we call it perceived engagement). We still do not know whether such approaches can capture the real engagement of players. Also, it is unclear to what extent practitioners would be willing to adopt such approaches in practice. In this paper, we provide two contributions. First, we ran an experiment with human 40 players aimed at defining a dataset of gameplay sessions in which participants self-reported their real engagement after every minute. We captured both their face and the gameplay. Based on this data, we compared state-of-the-art machine learning-based approaches to detect lowly engaging sessions. Our results show that the best model correctly classifies engagement in 74.7% of the cases and ranks video games in terms of their real engagement very similarly to how players would rank them (Spearman ρ = 0.833). Second, to assess the practicality of adopting such approaches in an industrial setting, we conducted two semi-structured interviews with senior game developers, who provided generally positive feedback and interesting insights for future developments.;2025;;2025 IEEE/ACM 22nd International Conference on Mining Software Repositories (MSR);;;564-575;;10.1109/MSR66628.2025.00089;;#86;Guglielmi 2025
The Implementation of Reinforcement Learning Algorithm for AI Bot in Fighting Video Game;"Bin Ramlan, Adi Aiman; Ali, Azliza Mohd; Abdul Hamid, Nurzeatul Hamimah; Osman, Rozianawaty";A video game is a natural and valuable medium to test AI algorithms since this virtual environment is considered safe and controllable. The finite state machine is a common technique used in developing AI in games, using a predetermined action for each situation. The problem with a predetermined action is that the scripted behaviours are predictable and easily exploit by human players. Such settings cause the game to have repetitive gameplay, leading the player to lose interest since the player knows how the AI will behave. The primary approach of this project is to use reinforcement learning to train the agent for the game. Reinforcement learning algorithms learn what to do and map the situations to maximize the cumulative reward signal from the agent environment. The agent in this project will receive raw data from the environment as input, and the agent will then act based on the environment rather than predetermined action. The results show that lowering the learning rate in deep reinforcement learning can increase the cumulative reward for the agent. This project's findings will be helpful for the game developers in developing AI for their games and benefit the game players who will interact with the AI in those games.;2021;;2021 4th International Symposium on Agents, Multi-Agent Systems and Robotics (ISAMSR);;;96-100;;10.1109/ISAMSR53229.2021.9567749;;#87;BinRamlan 2021
Review and Case Study of The Impact of VR Technology on Internet 3D Game Design;Jin, Gong;Game users have higher and higher requirements for VR application experience, which makes it an urgent problem for developers to improve the quality of VR application and user experience. Therefore, this paper analyzes the main impact of the current VR technology on Internet games, as well as the main development technology. Then the Virtools technology sets Unity3d engine as a development tool to complete the development of 3D games. Finally, with the help of unity3d engine and 3dsmax modeling software, the whole system development process is realized by using modular design idea. Data aggregation statistics and algorithm analysis are performed to generate monitoring report in the form of visual chart and the test results show that the system runs well. It not only has practical application value, but also has theoretical significance. It can be also extended to other fields such as distributed computing, distributed cooperative work and online game development.;2021;;2021 International Conference on Intelligent Transportation, Big Data & Smart City (ICITBS);;;333-337;;10.1109/ICITBS53129.2021.00089;;#89;Jin 2021
Exploring NPC Behaviors in Games through Finite Automata;"Ganapathi, Ananya; Sivakumar, Parikshith; Elango, Aditya; Gupta, Hardik; Panda, Niharika";Finite automata are used to represent different states in the form of abstract models that make the transition from on state to another more understandable. Finite automata help to develop games by analyzing different behaviors involved in the game. A non-playing character is one which performs an important role in the world building of all the games present. The role of non-playing character is not common to all the games. A non-playing character’s role may vary from an enemy who attacks the main character in games such as Call of Duty and Assassin’s Creed to an ally who helps the main character reach some goal in games such as God of War and Uncharted. These roles can be explored and simulated through the use of a finite automata.;2024;;2024 5th IEEE Global Conference for Advancement in Technology (GCAT);;;1-8;;10.1109/GCAT62922.2024.10923923;;#90;Ganapathi 2024
Looking Into Online Gaming From Measurement Perspective;"Yang, Kai; Zhang, Xu; Zhao, Yangchao; Fan, Qilin; Gao, Qin; Lyu, Yongqiang; Yin, Hao; Ma, Zhan";Owing to the development of computing hardware and networking related technologies, online gaming has become an important entertainment format for people of all ages. Understanding the system architecture and game players' behavior can benefit the users' Quality of Experience (QoE) optimization, the game competitiveness enhancement, and even a new game deployment. To this end, many attentions have been paid to the online game measurements. In this paper, we investigate the development of online games and look into the online gaming from the perspective of measurements, including the system architecture, users' QoE, and the user behaviour. We hope the work can benefit the game system design and optimization in the future.;2019;;2019 IEEE International Conference on Service-Oriented System Engineering (SOSE);;;203-2035;;10.1109/SOSE.2019.00035;;#92;Yang 2019
Exploring the Use of Machine Learning as Game Mechanic – Demonstrative Learning Multiplayer Game Prototype;"Dornig, Jan; Li, Changbai";"Games and Machine Learning (ML) most commonly intersect in the areas: 1) ML testing in Games, 2) ML use for Game-AI and 3) ML use for game assets. These areas have seen strong interest in the past, but the use of ML as main game mechanic has been less explored so far. Most likely due to a lack of real-time learning capabilities and inaccessibility of algorithms to the gaming community in the past. While some game-like experiences like the ""Game of life""-type simulations exist and versions of it use ML, these usually provide minimal interaction and confine the player to initial parameter setup and subsequent watching of a simulation. This paper describes a digital game prototype which explores using Demonstrative Learning in a multi-player setting as main game mechanic, to achieve interaction levels similar to Interactive Machine Learning. We describe the process the considerations that have led to using this type of ML among other decisions related to finding suitable compromises between capabilities and needs of ML and ideal player experience. The prototype is used to discuss game design choices and shows how a focus on the ML-mechanics can inspire game design and facilitate creative design and future research and design possibilities.";2020;;2020 IEEE Conference on Multimedia Information Processing and Retrieval (MIPR);;;396-399;;10.1109/MIPR49039.2020.00087;;#93;Dornig 2020
Moody5: Personality-biased agents to enhance interactive storytelling in video games;"Garavaglia, Francesco; Nobre, Renato Avellar; Ripamonti, Laura Anna; Maggiorini, Dario; Gadia, Davide";In story-driven video games, such as Role-Playing Games (RPGs), a static and repetitive interaction with Non-Player Characters (NPCs) can negatively impact fun and immersion. On the contrary, an NPC able to show emotions and endowed with a personality that matches its behavior can keep the user engaged for a longer time. Unfortunately, this aspect has not yet been fully investigated. We propose Moody5, a preliminary solution designed to help game designers create “personality-biased” agents able to interact in sensible ways in the framework of interactive storytelling. In particular, it supports the creation of agents that exploit the Goal-Oriented Action Planning (GOAP) technique to reach their goals but whose chain of actions and quality of the interaction with the player are dynamically affected by personality and emotions. To obtain this result, we have borrowed ideas from the Big Five theory [1] and the Emotion Facial Action Coding System (EMFACS) by Ekman & Friesen [2]. We validated the proposed solution in a narrative test scenario inspired by the Harry Potter universe. Our preliminary survey demonstrated that Moody5 could improve the gameplay experience and replay value while providing a helpful Unity plugin for game developers.;2022;;2022 IEEE Conference on Games (CoG);;;175-182;;10.1109/CoG51982.2022.9893689;;#95;Garavaglia 2022
Fuzzy Utility AI for Handling Uncertainty in Video Game Bots Implementation;Świechowski, Maciej;Utility AI is an effective tool used to design the behavior of AI agents in games and other multi-agent settings. Lately, it has been gaining a lot of attention in the video games domain, whereby computer players have to act quickly and maintain balance between the effectiveness (i.e., being strong) and the narrative goals (i.e., fulfilling a particular role). This paper presents a novel extension of Utility AI called Fuzzy Utility AI for game environments with uncertain and incomplete information. The main introduced ideas are fuzzy considerations, that generalize the standard considerations in Utility AI, and a new, uncertainty-aware, formula of calculating the utility score. Our intention was to compare the baseline approach with Fuzzy Utility AI using a rudimentary example (a testbed) that is simple to follow and also isolates all external factors that could influence the performance. The empirical results - with a dataset included - show that Fuzzy Utility AI is a more effective approach in environments with incomplete information that needs to be predicted with uncertainty. In the paper, we further confirm the empirical findings with a theoretical analysis.;2024;;2024 IEEE Congress on Evolutionary Computation (CEC);;;1-8;;10.1109/CEC60901.2024.10612092;;#97;Świechowski 2024
Serious Games: An Evaluation Framework and Case Study;"Wilson, David W.; Jenkins, Jeff; Twyman, Nathan; Jensen, Matthew; Valacich, Joe; Dunbar, Norah; Wilson, Scott; Miller, Claude; Adame, Bradly; Lee, Yu-Hao; Burgoon, Judee; Nunamaker, Jay F.";Serious games show promise as an effective training method, but such games are complex and few guidelines exist for their effective evaluation. We draw on the design science literature to develop a serious game evaluation framework that emphasizes grounding evaluation in each of four key areas-theoretical, technical, empirical, and external. We further recommend that serious game developers assume an iterative, adaptive approach to grounding an evaluation effort in these four areas, emphasizing some areas more than others at different stages of the development cycle. We illustrate our framework using a case study of a large-scale serious game development project. The case study illustrates a holistic approach to serious game evaluation that is valuable to both researchers and practitioners.;2016;;2016 49th Hawaii International Conference on System Sciences (HICSS);;;638-647;;10.1109/HICSS.2016.85;;#99;Wilson 2016
Gameplay Automation;"Aasheesh, Shaik Mahammad; Reddy, K Nithin Sri Ram; Yellani, Manideep; N, Divya Prabha K; Hegde, Soumya Shridhar";Reinforcement Learning has performed remarkably well in various games and has the potential to surpass human level gameplay. Although it does good in turn-based games, complex game genres like fighting or much more complex 3D shooters are still a challenge. The created ML model can teach itself how to play a specific game so that it can be used to test the games for completeness, bugs, and irregularities. The model is also used to find out if there are any ways to speed run games by exploiting certain in-game mechanisms or to check if any characters or abilities are overpowered. Models were created for a few games to identify how well these AI models can perform and see what kind of differences were required to switch between the games.;2023;;2023 International Conference on Artificial Intelligence and Applications (ICAIA) Alliance Technology Conference (ATCON-1);;;1-5;;10.1109/ICAIA57370.2023.10169757;;#100;Aasheesh 2023
Method for classifying usability qualities and problems for action games from user reviews using text mining;"Wattanaburanon, Artinat; Propoon, Nakornthip";Game reviewing is one of the method for game users and critics to comment and discuss about a game. Game developers and marketers could use game reviews as insights to assist on designing a better game by specifying quality requirements and providing better game marketing. Usability and problems are major concerns of users and game developers since these quality affects users' satisfaction and opportunity to increase market share respectively. However, manually extracting game usability qualities and problems from a large number of game reviews is challenging since most reviews often use natural language and may not be well-organized. This research presents a method for extracting and classifying game usability qualities and problems from game reviews using text mining technique. This research is composed of 2 main phases. The first phase is specifying game usability qualities and problems categories which also included keyword corpus creation for each category. The second phase is gathering, extracting, analyzing and classifying game reviews. The gathered game reviews will be extracted and classified into each usability qualities and problems category. Game usability qualities classification will also include sentiment classification to further specify positivity and negativity of each sentence. Accuracy metric will be used for classification evaluation. In addition, a game review summary on usability qualities and problems will be created for developers to improve game quality.;2016;;2016 IEEE/ACIS 15th International Conference on Computer and Information Science (ICIS);;;1-6;;10.1109/ICIS.2016.7550748;;#101;Wattanaburanon 2016
Gaming Under Stress: Sensor-Monitored Physiological Responses to a Horror Gameplay;"Németh, Krisztián; Szűcs, Judit";Most of society sees computer games as a form of entertainment and recreation. During the years, communities have emerged who watch games as a sport, or even participate in competitions as athletes. Such competitions can cause a lot of stress. An important question is whether can a computer game cause detectable changes in certain physiological values in humans. To answer this question, a game in horror genre was implemented with integrated sensors to measure players’ physiological reactions. This paper presents the motivations behind the game design, the psychological theories applied, and the innovative methods used in its development.;2024;;2024 IEEE 28th International Conference on Intelligent Engineering Systems (INES);;;000059-000064;;10.1109/INES63318.2024.10629131;;#102;Németh 2024
Generating Pixel Art Character Sprites using GANs;"Coutinho, Flávio; Chaimowicz, Luiz";Iterating on creating pixel art character sprite sheets is essential to the game development process. However, it can take a lot of effort until the final versions containing different poses and animation clips are achieved. This paper reports an investigation on the use of conditional generative adversarial networks to aid the designers in creating such sprite sheets. We propose an architecture based on Pix2Pix to generate images of characters facing a target side (e.g., right) given sprites of them in a source pose (e.g., front). Experiments with small pixel art datasets yielded promising results, producing models with varying degrees of generalization, sometimes capable of generating images very close to the ground truth. We analyzed the results through visual inspection and quantitatively with FID.;2022;;2022 21st Brazilian Symposium on Computer Games and Digital Entertainment (SBGames);;;1-6;;10.1109/SBGAMES56371.2022.9961120;;#104;Coutinho 2022
Machine Learning Model for Skill Level Prediction in Multiplayer Online Battle Arena;"Pepatang, Vachirawit; Kotrajaras, Vishnu";Accurately predicting player skill levels in the Multiplayer Online Battle Arena (MOBA) game, Defense of the Ancients 2 (DotA 2), is important for improving the overall gaming experience and ensuring fair competition. This study proposed machine learning models to improve skill prediction, which can help developers create better matchmaking systems. We used data from 2.7 million matches and employed models such as Random Forest, LightGBM, and Artificial Neural Networks (ANN). To effectively represent player behavior, we introduced new features related to player strategies, items purchased, and in-game movements. Additionally, we introduced a match splitting method to address dynamic gameplay phases. The ANN model with Equal Duration-Based splitting demonstrated the best performance, achieving a Mean Absolute Error of 0.60 and an R-squared value of 0.85. Hypothesis testing confirmed that the model’s prediction errors aligned with actual player rank fluctuations, thus confirmed that the models’ performance is acceptable and consistent with the natural progression and fluctuation of player ranks.;2024;;2024 28th International Computer Science and Engineering Conference (ICSEC);;;1-6;;10.1109/ICSEC62781.2024.10770753;;#108;Pepatang 2024
ROS-Unity3D based system for monitoring of an industrial robotic process;"Sita, Enrico; Horváth, Csongor Márk; Thomessen, Trygve; Korondi, Péter; Pipe, Anthony G.";Planning and monitoring the manufacturing of high quality one-of-a-kind products are challenging tasks. In the implementation of an industrial system, the commissioning phase is typically comprised of a programming phase and an optimization phase. Most of the resources are commonly invested in the optimization of the process. The time and cost of the implementation can be reduced if the monitoring system is not embedded in the industrial process, but kept instead as a decoupled task. In this paper we present a framework to simulate and execute the monitoring task of an industrial process in Unity3D, without interfering with the original system. The monitoring system is made of external additional equipment and is decoupled from the industrial task. The monitoring robot's path is subject to multiple constraints to track the original process without affecting its execution. Moreover, the framework is flexible thanks to the Unity-ROS communication so that the monitoring task can be carried on by any ROS-compatible device. The monitoring system has been applied to a robotic system for heavy, multi-pass TIG welding of voluminous work-pieces. The results of the implementation show that the constraints for monitoring were satisfactory in the 3D environment and capable for real robot application.;2017;;2017 IEEE/SICE International Symposium on System Integration (SII);;;1047-1052;;10.1109/SII.2017.8279361;;#109;Sita 2017
Pre-release Experimentation in Indie Game Development: An Interview Survey;"Linåker, Johan; Bjarnason, Elizabeth; Fagerholm, Fabian";[Background] The game industry faces fierce competition and games are developed on short deadlines and tight budgets. Continuously testing and experimenting with new ideas and features is essential in validating and guiding development toward market viability and success. Such continuous experimentation (CE) requires user data, which is often limited in early development stages. This challenge is further exacerbated for independent (indie) game companies with limited resources. [Aim] We wanted to gain insights into CE practices in pre-release indie game development. [Method] We performed an exploratory interview survey with 10 indie game developers from different companies and synthesised findings through an iterative coding process. [Results] We present a CE framework for game development that highlights key parts to consider when planning and implementing an experiment and note that pre-release experimentation is centred on qualitative data. Time and resource constraints impose limits on the type and extent of experimentation and playtesting that indie companies can perform, e.g. due to limited access to participants, biases and representativeness of the target audience. [Conclusions] Our results outline challenges and practices for conducting experiments with limited user data in early stages of indie game development, and may be of value also for larger game companies, and for software intensive organisations in other industries. © The Author(s), under exclusive license to Springer Nature Switzerland AG 2025.;2025;;Lecture Notes in Business Information Processing;539 LNBIP;;293-308;;10.1007/978-3-031-85849-9_24;;#112;Linåker 2025
Exploring GenAI-Driven Innovation in Game Development;Chen, Xiang;The game industry, now generating over $200 billion annually, has become a major force in entertainment, yet game development remains underexplored in software engineering research. Generative AI (GenAI) has introduced new opportunities for content automation in game development, offering benefits in testing, design, and player engagement. However, integrating GenAI across game development phases presents unique technical, creative, and collaborative challenges. This study aims to develop an adaptable framework that addresses these challenges by providing practical insights and strategies to enhance collaboration, creativity, and efficiency. Using a mixed-methods approach, including open-source analysis and developer surveys and interviews, we will construct a grounded theory on GenAI adoption. The insights will inform a framework refined with industry feedback, contributing datasets, guidelines, and tools to support sustainable GenAI integration in game development. © 2025 IEEE.;2025;;Proceedings - International Conference on Software Engineering;;;157-159;;10.1109/ICSE-Companion66252.2025.00046;;#115;Chen 2025
A Survey and Insights on Modern Game Development Processes for Software Engineering Education;"Shrestha, Aakanksha; Zuo, Fei; Qian, Gang; Rhee, Junghwan";The video game industry has a fast-growing multi-billiondollar market. Due to the fast evolution of game technologies and industry, there is a pressing need to survey and analyze the current game development processes so that students who have an interest in game development can have better knowledge and skills for their projects in game software engineering education. In this paper, we present our survey and analysis of multiple aspects of modern game development and provide useful insights for students who want to work on game development. We also present a model of the common components of the game development process as well as the amount of the workload involved. This can help students, who are interested in developing their own games, craft a realistic plan for such projects. © The Author(s), under exclusive license to Springer Nature Switzerland AG 2025.;2025;;Communications in Computer and Information Science;2244 CCIS;;65-84;;10.1007/978-3-031-75201-8_6;;#116;Shrestha 2025
Is Resistance Futile?: Early Career Game Developers, Generative AI, and Ethical Skepticism;"Boucher, Josiah; Smith, Gillian; Telliel, Yunus Doğan";This paper presents a study that examines developer perceptions and usage of generative AI (GAI) in a summer professional development program for game development interns focused on mobile game design. GAI applications are in common usage worldwide, yet the impacts of this technology in game development remain relatively underexplored. Through a qualitative study using ethnographic interviews and participatory observation, this paper explores how GAI impacted the workflows, creative processes, and professional identities of early career game developers. We present a case of GAI integration that was not a straightforward adoption. Focusing on the interns' resistance, negotiation, and reimagining, we show that the interns were actively developing a new professional culture both with and against generative AI. For the interns, their ethical commitments to fellow game developers and the future of their profession were as important as their practical concerns about usability, utility, and efficacy of GAI tools. © 2024 Copyright held by the owner/author(s);2024;;Conference on Human Factors in Computing Systems - Proceedings;;;;;10.1145/3613904.3641889;;#122;Boucher 2024
Level Generation Using ChatGPT: A Case Study on the Science Bird Game;"Garbaruk, Julia; Ray, Jiban Kumar; Logofatu, Doina";The increasing complexity of video games and development costs have necessitated innovative approaches to content creation. Procedural Content Generation (PCG) and AI tools like ChatGPT offer promising solutions. This paper explores the application of ChatGPT in Procedural Level Generation (PLG) for the game 'Science Birds'. Through a combination of theoretical exploration and practical experiments, we demonstrate how ChatGPT can be leveraged to automate level design, enhancing both efficiency and creativity in game development.  © 2024 IEEE.;2024;;Proceedings - 2024 26th International Symposium on Symbolic and Numeric Algorithms for Scientific Computing, SYNASC 2024;;;318-325;;10.1109/SYNASC65383.2024.00060;;#123;Garbaruk 2024
Adapting the Scrum Framework to the Needs of Virtual Teams of Game Developers with Multi-site Members;"Nankap, Levika Herve; Bouchard, Bruno; Imbeau, Gilles; Petrillo, Fabio; Francillette, Yannick";ABSTRACT. As we all know, most video games are developed using the well-known Scrum framework as the core approach for managing the project. Indeed, Scrum is an effective value-driven approach allowing adjustments based on regular and repeated feedback. Nowadays, in the video games industry, it is frequent to see virtual teams, with fragmented groups of people, working remotely from multiple sites. However, the Scrum framework is not designed to fits the needs of a fragmented multi-site team. Scrum was designed for small teams where all members are supposed to work together on the same location, having frequent face-to-face contacts in, ideally, the same open space. When applied on a virtual team, the Scrum framework is less effective because it does not offer sufficient tools and artefacts for addressing the specific problems emerging from the virtual context, such as the communication problem, the isolation of people of the groups, the challenge of keeping transparency, etc. We propose, in this paper, a comprehensive extension of the Scrum framework allowing to alleviate some of these issues. We also present the results of a first experiment with two virtual teams developing video games.  © 2022 ACM.;2022;;ACM International Conference Proceeding Series;;;19-25;;10.1145/3520084.3520088;;#131;Nankap 2022
Dynamic Difficulty Adjustment via Fast User Adaptation;"Moon, Hee-Seung; Seo, Jiwon";Dynamic difficulty adjustment (DDA) is a technology that adapts a game's challenge to match the player's skill. It is a key element in game development that provides continuous motivation and immersion to the player. However, conventional DDA methods require tuning in-game parameters to generate the levels for various players. Recent DDA approaches based on deep learning can shorten the time-consuming tuning process, but require sufficient user demo data for adaptation. In this paper, we present a fast user adaptation method that can adjust the difficulty of the game for various players using only a small amount of demo data by applying a meta-learning algorithm. In the video game environment user test (n=9), our proposed DDA method outperformed a typical deep learning-based baseline method.  © 2020 Owner/Author.;2020;;UIST 2020 - Adjunct Publication of the 33rd Annual ACM Symposium on User Interface Software and Technology;;;13-15;;10.1145/3379350.3418578;;#137;Moon 2020
Art is Key to the Success of a Modern Game;"Wang, Chuyang; Mondier, Samuel; Duraisamy, Prakash";With the development of technology, video games' graphics and effects have drastically improved. An increasing number of art elements have been incorporated into games, which not only enhance the playing experience, but it also make the whole game more artistic. There are even some games directly presented as a form of art, like interactive movie games, music games, etc. These types of games are often very successful, acquiring favorable reviews from both players and critics. In many game development competitions, games which have more art elements score higher. In this article, a few games are analysed and statistics are conducted to determine why more 'artistic' games are more likely to be successful. It is hoped that this research could help inspire game developers to produce games with a higher artistic focus. We tested our algorithm using xxxxx, and we got results with high accuracy. © 2019 IEEE.;2019;;2019 10th International Conference on Computing, Communication and Networking Technologies, ICCCNT 2019;;;;;10.1109/ICCCNT45670.2019.8944678;;#142;Wang 2019
AI-Assisted Game Debugging with Cicero;"MacHado, Tiago; Gopstein, Daniel; Nealen, Andy; Nov, Oded; Togelius, Julian";We present Cicero, a mixed-initiative application for prototyping two-dimensional sprite-based games across different genres such as shooters, puzzles, and action games. Cicero provides a host of features which can offer assistance in different stages of the game development process. Noteworthy features include AI agents for gameplay simulation, a game mechanics recommender system, a playtrace aggregator, heatmap-based game analysis, a sequential replay mechanism, and a query system that allows searching for particular interaction patterns. In order to evaluate the efficacy and usefulness of the different features of Cicero, we conducted a user study in which we compared how users perform in game debugging tasks with different kinds of assistance. © 2018 IEEE.;2018;;2018 IEEE Congress on Evolutionary Computation, CEC 2018 - Proceedings;;;;;10.1109/CEC.2018.8477829;;#143;MacHado 2018
RAIL: A domain-specific language for generating NPC behaviors in action/adventure game;"Zhu, Meng; Wang, Alf Inge";Domain-Specific Modeling (DSM) has shown its effectiveness of improving software productivity in many software domains [1], where Domain Specific Language (DSL) plays a key role. Also in the domain of video games, researchers have proposed various DSLs for developing different aspects of several game genres. This paper presents a DSL named RAIL for generating Non-Playable Character (NPC) behaviors in Action/Adventure Games. Our DSL borrows concepts from State Machines and adds some features to better suit the target domain. Further, we have implemented a tool-chain for RAIL using the Eclipse language workbench, and the tool-chain has been integrated with the level editor of the Torque2D game engine. To evaluate the DSL, we developed a prototype game and collected data regarding the development time and code lines. The results showed that RAIL significantly improves the productivity of developing NPC behaviors in the target game with a reasonable associated cost. In addition, the integration of the RAIL and the Torque 2D tool-chains provides a smooth development workflow. © Springer International Publishing AG, part of Springer Nature 2018.;2018;;Lecture Notes in Computer Science (including subseries Lecture Notes in Artificial Intelligence and Lecture Notes in Bioinformatics);10714 LNCS;;868-881;;10.1007/978-3-319-76270-8_58;;#144;Zhu 2018
Gaming bot detection: A systematic literature review;"Kotkov, Denis; Pandey, Gaurav; Semenov, Alexander";In online games, some players employ programs (bots) that allow them to bypass game routines and effortlessly gain virtual resources. This practice leads to negative effects, such as reduced revenue for the game development companies and unfair treatment for ordinary players. Bot detection methods act as a counter measure for such players. This paper presents a systematic literature review of bot detection in online games. We mainly focus on games that allow resource accumulation for players between game sessions. For this, we summarize the existing literature, list categories of games ignored by the scientific community, review publicly available datasets, present the taxonomy of detection methods and provide future directions on this topic. The main goal of this paper is to summarize the existing literature and indicate gaps in the body of knowledge. © Springer Nature Switzerland AG 2018.;2018;;Lecture Notes in Computer Science (including subseries Lecture Notes in Artificial Intelligence and Lecture Notes in Bioinformatics);11280 LNCS;;247-258;;10.1007/978-3-030-04648-4_21;;#146;Kotkov 2018
